Campaign,Ad group,Keyword,Match type,Final URL,Status
Search | Drainage | NW Ohio,Drainage Core,yard drainage company,Exact,https://terramorphllc.com/lp-drainage.html,Paused
Search | Drainage | NW Ohio,Drainage Core,drainage contractor near me,Exact,https://terramorphllc.com/lp-drainage.html,Paused
Search | Drainage | NW Ohio,Drainage Core,yard drainage solutions,Phrase,https://terramorphllc.com/lp-drainage.html,Paused
Search | Drainage | NW Ohio,Drainage Core,landscape drainage company,Phrase,https://terramorphllc.com/lp-drainage.html,Paused
Search | Drainage | NW Ohio,Standing Water,standing water in yard,Exact,https://terramorphllc.com/lp-standing-water-yard.html,Paused
Search | Drainage | NW Ohio,Standing Water,soggy yard drainage,Phrase,https://terramorphllc.com/lp-standing-water-yard.html,Paused
Search | Drainage | NW Ohio,Standing Water,water pooling in yard,Phrase,https://terramorphllc.com/lp-standing-water-yard.html,Paused
Search | Drainage | NW Ohio,Standing Water,wet yard solutions,Phrase,https://terramorphllc.com/lp-standing-water-yard.html,Paused
Search | Drainage | NW Ohio,French Drains,french drain installer,Exact,https://terramorphllc.com/french-drain-cost-toledo-ohio.html,Paused
Search | Drainage | NW Ohio,French Drains,french drain contractors,Phrase,https://terramorphllc.com/french-drain-cost-toledo-ohio.html,Paused
Search | Drainage | NW Ohio,French Drains,french drain installation near me,Phrase,https://terramorphllc.com/french-drain-cost-toledo-ohio.html,Paused
Search | Drainage | NW Ohio,Downspout Drainage,downspout drainage contractor,Exact,https://terramorphllc.com/lp-drainage.html,Paused
Search | Drainage | NW Ohio,Downspout Drainage,downspout drainage solutions,Phrase,https://terramorphllc.com/lp-drainage.html,Paused
Search | Drainage | NW Ohio,Drainage Cities,drainage solutions perrysburg,Exact,https://terramorphllc.com/drainage-solutions-perrysburg-ohio.html,Paused
Search | Drainage | NW Ohio,Drainage Cities,drainage solutions toledo,Exact,https://terramorphllc.com/drainage-solutions-toledo-ohio.html,Paused
Search | Drainage | NW Ohio,Drainage Cities,drainage solutions maumee,Phrase,https://terramorphllc.com/drainage-solutions-maumee-ohio.html,Paused
Search | Drainage | NW Ohio,Drainage Cities,drainage solutions sylvania,Phrase,https://terramorphllc.com/drainage-solutions-sylvania-ohio.html,Paused
Search | Drainage | NW Ohio,Drainage Cities,yard drainage perrysburg,Phrase,https://terramorphllc.com/drainage-solutions-perrysburg-ohio.html,Paused
Search | Drainage | NW Ohio,Drainage Cities,yard drainage toledo,Phrase,https://terramorphllc.com/drainage-solutions-toledo-ohio.html,Paused
Search | Paver Patios | NW Ohio,Paver Patios Core,paver patio contractor,Exact,https://terramorphllc.com/lp-patios.html,Paused
Search | Paver Patios | NW Ohio,Paver Patios Core,paver patio installation,Exact,https://terramorphllc.com/lp-patios.html,Paused
Search | Paver Patios | NW Ohio,Paver Patios Core,paver patio installer near me,Phrase,https://terramorphllc.com/lp-patios.html,Paused
Search | Paver Patios | NW Ohio,Patio Contractors,patio contractor near me,Exact,https://terramorphllc.com/lp-backyard-patio-estimate.html,Paused
Search | Paver Patios | NW Ohio,Patio Contractors,backyard patio builder,Phrase,https://terramorphllc.com/lp-backyard-patio-estimate.html,Paused
Search | Paver Patios | NW Ohio,Patio Contractors,outdoor patio contractor,Phrase,https://terramorphllc.com/lp-backyard-patio-estimate.html,Paused
Search | Paver Patios | NW Ohio,Hardscapes,hardscape contractor,Exact,https://terramorphllc.com/paver-patios-hardscapes.html,Paused
Search | Paver Patios | NW Ohio,Hardscapes,hardscape company near me,Phrase,https://terramorphllc.com/paver-patios-hardscapes.html,Paused
Search | Paver Patios | NW Ohio,Walkways,paver walkway installer,Exact,https://terramorphllc.com/paver-patios-hardscapes.html,Paused
Search | Paver Patios | NW Ohio,Walkways,paver walkway contractor,Phrase,https://terramorphllc.com/paver-patios-hardscapes.html,Paused
Search | Paver Patios | NW Ohio,Patio Cities,paver patios perrysburg,Exact,https://terramorphllc.com/paver-patios-perrysburg-ohio.html,Paused
Search | Paver Patios | NW Ohio,Patio Cities,paver patios toledo,Exact,https://terramorphllc.com/paver-patios-toledo-ohio.html,Paused
Search | Paver Patios | NW Ohio,Patio Cities,patio contractor perrysburg,Phrase,https://terramorphllc.com/paver-patios-perrysburg-ohio.html,Paused
Search | Paver Patios | NW Ohio,Patio Cities,patio contractor toledo,Phrase,https://terramorphllc.com/paver-patios-toledo-ohio.html,Paused
Search | Paver Patios | NW Ohio,Patio Cities,paver patios maumee,Phrase,https://terramorphllc.com/paver-patios-maumee-ohio.html,Paused
Search | Landscape Design + Installation | NW Ohio,Landscape Design Core,landscape design company,Exact,https://terramorphllc.com/lp-landscape-design.html,Paused
Search | Landscape Design + Installation | NW Ohio,Landscape Design Core,landscape designer near me,Exact,https://terramorphllc.com/lp-landscape-design.html,Paused
Search | Landscape Design + Installation | NW Ohio,Landscape Design Core,landscape design services,Phrase,https://terramorphllc.com/lp-landscape-design.html,Paused
Search | Landscape Design + Installation | NW Ohio,Landscape Installation,landscape installation near me,Exact,https://terramorphllc.com/landscape-design.html,Paused
Search | Landscape Design + Installation | NW Ohio,Landscape Installation,landscape contractor near me,Phrase,https://terramorphllc.com/landscape-design.html,Paused
Search | Landscape Design + Installation | NW Ohio,Landscape Installation,plant installation landscaping,Phrase,https://terramorphllc.com/landscape-design.html,Paused
Search | Landscape Design + Installation | NW Ohio,Landscape Installation,landscape installers near me,Exact,https://terramorphllc.com/landscape-design.html,Paused
Search | Landscape Design + Installation | NW Ohio,Landscape Installation,landscape installation company,Phrase,https://terramorphllc.com/landscape-design.html,Paused
Search | Landscape Design + Installation | NW Ohio,Landscape Installation,landscape renovation company,Phrase,https://terramorphllc.com/lp-landscape-design.html,Paused
Search | Landscape Design + Installation | NW Ohio,Landscape Installation,new landscape installation,Phrase,https://terramorphllc.com/new-construction-landscaping-northwest-ohio.html,Paused
Search | Landscape Design + Installation | NW Ohio,Curb Appeal,front yard landscaping company,Exact,https://terramorphllc.com/lp-curb-appeal-upgrade.html,Paused
Search | Landscape Design + Installation | NW Ohio,Curb Appeal,curb appeal landscaping,Phrase,https://terramorphllc.com/lp-curb-appeal-upgrade.html,Paused
Search | Landscape Design + Installation | NW Ohio,Planting Beds,landscape bed installation,Exact,https://terramorphllc.com/landscape-design.html,Paused
Search | Landscape Design + Installation | NW Ohio,Planting Beds,mulch beds landscaping,Phrase,https://terramorphllc.com/landscape-design.html,Paused
Search | Landscape Design + Installation | NW Ohio,Planting Beds,front yard landscape beds,Phrase,https://terramorphllc.com/lp-curb-appeal-upgrade.html,Paused
Search | Landscape Design + Installation | NW Ohio,Planting Beds,landscape bed redesign,Phrase,https://terramorphllc.com/landscape-design.html,Paused
Search | Landscape Design + Installation | NW Ohio,Landscape Cities,landscape contractor perrysburg,Exact,https://terramorphllc.com/landscaping-perrysburg-ohio.html,Paused
Search | Landscape Design + Installation | NW Ohio,Landscape Cities,landscape contractor toledo,Exact,https://terramorphllc.com/landscaping-toledo-ohio.html,Paused
Search | Landscape Design + Installation | NW Ohio,Landscape Cities,landscaping perrysburg ohio,Phrase,https://terramorphllc.com/landscaping-perrysburg-ohio.html,Paused
Search | Landscape Design + Installation | NW Ohio,Landscape Cities,landscaping toledo ohio,Phrase,https://terramorphllc.com/landscaping-toledo-ohio.html,Paused
Search | Landscape Design + Installation | NW Ohio,Landscape Cities,landscaping maumee ohio,Phrase,https://terramorphllc.com/landscaping-maumee-ohio.html,Paused
Search | Maintenance + Cleanups | NW Ohio,Lawn Maintenance,lawn maintenance company,Exact,https://terramorphllc.com/lawn-maintenance.html,Paused
Search | Maintenance + Cleanups | NW Ohio,Lawn Maintenance,lawn maintenance near me,Phrase,https://terramorphllc.com/lawn-maintenance.html,Paused
Search | Maintenance + Cleanups | NW Ohio,Lawn Maintenance,lawn care perrysburg,Phrase,https://terramorphllc.com/lawn-maintenance.html,Paused
Search | Maintenance + Cleanups | NW Ohio,Lawn Maintenance,weekly lawn maintenance,Exact,https://terramorphllc.com/lawn-maintenance.html,Paused
Search | Maintenance + Cleanups | NW Ohio,Lawn Maintenance,property maintenance landscaping,Phrase,https://terramorphllc.com/lawn-maintenance.html,Paused
Search | Maintenance + Cleanups | NW Ohio,Lawn Maintenance,landscape maintenance near me,Phrase,https://terramorphllc.com/lawn-maintenance.html,Paused
Search | Maintenance + Cleanups | NW Ohio,Seasonal Cleanups,spring cleanup landscaping,Exact,https://terramorphllc.com/lp-spring-cleanup.html,Paused
Search | Maintenance + Cleanups | NW Ohio,Seasonal Cleanups,fall cleanup landscaping,Exact,https://terramorphllc.com/seasonal-cleanups.html,Paused
Search | Maintenance + Cleanups | NW Ohio,Seasonal Cleanups,seasonal yard cleanup,Phrase,https://terramorphllc.com/seasonal-cleanups.html,Paused
Search | Maintenance + Cleanups | NW Ohio,Seasonal Cleanups,landscape cleanup near me,Phrase,https://terramorphllc.com/seasonal-cleanups.html,Paused
Search | Maintenance + Cleanups | NW Ohio,Seasonal Cleanups,yard cleanup service,Phrase,https://terramorphllc.com/seasonal-cleanups.html,Paused
Search | Maintenance + Cleanups | NW Ohio,Seasonal Cleanups,leaf cleanup service,Phrase,https://terramorphllc.com/seasonal-cleanups.html,Paused
Search | Maintenance + Cleanups | NW Ohio,Mulch Beds,mulch installation near me,Exact,https://terramorphllc.com/mulch-installation-toledo-ohio.html,Paused
Search | Maintenance + Cleanups | NW Ohio,Mulch Beds,landscape bed maintenance,Phrase,https://terramorphllc.com/lawn-maintenance.html,Paused
Search | Maintenance + Cleanups | NW Ohio,Mulch Beds,mulch and edging service,Phrase,https://terramorphllc.com/mulch-installation-toledo-ohio.html,Paused
Search | Maintenance + Cleanups | NW Ohio,Commercial Maintenance,commercial lawn maintenance,Exact,https://terramorphllc.com/commercial-landscaping-toledo-ohio.html,Paused
Search | Maintenance + Cleanups | NW Ohio,Commercial Maintenance,commercial landscaping company,Phrase,https://terramorphllc.com/commercial-landscaping-toledo-ohio.html,Paused
