Campaign,Ad group,Ad type,Status,Final URL,Path 1,Path 2,Headline 1,Headline 2,Headline 3,Headline 4,Headline 5,Headline 6,Headline 7,Headline 8,Headline 9,Headline 10,Headline 11,Headline 12,Headline 13,Headline 14,Headline 15,Description 1,Description 2,Description 3,Description 4
Search | Drainage | NW Ohio,Drainage Core,Responsive search ad,Paused,https://terramorphllc.com/lp-drainage.html,drainage,estimate,Fix Standing Water,Yard Drainage Experts,Drainage Solutions,Perrysburg Drainage,Toledo Drainage Help,Free Drainage Estimate,Licensed And Insured,200+ Google Reviews,Local Northwest Ohio Crew,Soggy Yard Solutions,Downspout Drainage Help,French Drain Installers,Call Terramorph Today,Wood And Lucas County,Stop Pooling Water,"Standing water, soggy lawns, runoff, and downspout drainage help in Northwest Ohio.","Call Terramorph for a free drainage assessment in Wood or Lucas County.","Local, licensed and insured team with 200+ Google reviews and real project proof.","Get a practical drainage plan before heavy rain turns the yard into a problem."
Search | Drainage | NW Ohio,Standing Water,Responsive search ad,Paused,https://terramorphllc.com/lp-standing-water-yard.html,standing-water,yard,Fix Standing Water,Soggy Yard Solutions,Wet Yard Help,Yard Drainage Experts,Free Drainage Estimate,Toledo Drainage Help,Perrysburg Drainage,Licensed And Insured,200+ Google Reviews,Stop Pooling Water,Drainage Solutions,Local Northwest Ohio Crew,Call Terramorph Today,Wood And Lucas County,Downspout Drainage Help,"Standing water after rain? Get practical drainage help for Northwest Ohio yards.","Terramorph reviews grade, runoff, soil, low spots, and water movement before estimating.","Call today for a free drainage assessment from a licensed and insured local crew.","Built for wet yards, soggy lawns, downspouts, clay soil, and flat lots."
Search | Drainage | NW Ohio,French Drains,Responsive search ad,Paused,https://terramorphllc.com/french-drain-cost-toledo-ohio.html,french-drain,estimate,French Drain Installers,Yard Drainage Experts,Drainage Solutions,Free Drainage Estimate,Toledo Drainage Help,Perrysburg Drainage,Licensed And Insured,200+ Google Reviews,Downspout Drainage Help,Soggy Yard Solutions,Local Northwest Ohio Crew,Call Terramorph Today,Wood And Lucas County,Stop Pooling Water,Wet Yard Help,"Compare drainage options before choosing a French drain, grading, or water routing fix.","Terramorph diagnoses where water starts, where it should go, and which fix makes sense.","Call for a free Northwest Ohio drainage estimate from a licensed and insured crew.","Practical drainage help for patios, foundations, lawns, beds, and low spots."
Search | Drainage | NW Ohio,Downspout Drainage,Responsive search ad,Paused,https://terramorphllc.com/lp-drainage.html,downspout,drainage,Downspout Drainage Help,Yard Drainage Experts,Fix Standing Water,Drainage Solutions,Free Drainage Estimate,Toledo Drainage Help,Perrysburg Drainage,Licensed And Insured,200+ Google Reviews,Soggy Yard Solutions,Local Northwest Ohio Crew,Call Terramorph Today,Wood And Lucas County,Stop Pooling Water,Wet Yard Help,"Route roof runoff and yard water more intentionally with local drainage help.","Terramorph reviews downspouts, grade, soil, low spots, patios, and foundation risk.","Call for a free estimate for downspout drainage and wet-yard solutions.","Serving Perrysburg, Toledo, Wood County, Lucas County, and nearby areas."
Search | Drainage | NW Ohio,Drainage Cities,Responsive search ad,Paused,https://terramorphllc.com/lp-drainage.html,local,drainage,Perrysburg Drainage,Toledo Drainage Help,Yard Drainage Experts,Fix Standing Water,Drainage Solutions,Free Drainage Estimate,Licensed And Insured,200+ Google Reviews,Wood And Lucas County,Local Northwest Ohio Crew,Soggy Yard Solutions,Downspout Drainage Help,French Drain Installers,Call Terramorph Today,Stop Pooling Water,"Local drainage estimates for Perrysburg, Toledo, Maumee, Sylvania, and nearby areas.","Standing water, runoff, soggy lawns, and flat-lot drainage problems reviewed locally.","Call Terramorph for a free estimate from a licensed and insured Northwest Ohio crew.","Real project proof, local reviews, and practical drainage recommendations."
Search | Paver Patios | NW Ohio,Paver Patios Core,Responsive search ad,Paused,https://terramorphllc.com/lp-patios.html,paver-patio,estimate,Paver Patio Contractors,Build A Better Backyard,Paver Patios Toledo,Perrysburg Patio Builder,Free Patio Estimate,Hardscape Contractors,Patios And Walkways,Outdoor Living Spaces,Licensed And Insured,200+ Google Reviews,Call Terramorph Today,Backyard Patio Design,Paver Walkway Installers,Wood And Lucas County,Local Hardscape Crew,"Paver patios, walkways, and outdoor living spaces built for Northwest Ohio weather.","Call Terramorph for a free patio estimate in Perrysburg, Toledo, and nearby areas.","Design-first hardscape planning with drainage, base, access, and long-term use in mind.","Licensed and insured local crew with real project photos and 200+ Google reviews."
Search | Paver Patios | NW Ohio,Patio Contractors,Responsive search ad,Paused,https://terramorphllc.com/lp-backyard-patio-estimate.html,patio,contractor,Patio Contractors Near You,Build A Better Backyard,Paver Patio Contractors,Free Patio Estimate,Backyard Patio Design,Outdoor Living Spaces,Hardscape Contractors,Perrysburg Patio Builder,Paver Patios Toledo,Licensed And Insured,200+ Google Reviews,Call Terramorph Today,Patios And Walkways,Wood And Lucas County,Local Hardscape Crew,"Turn the backyard into a usable patio or outdoor living space with a clear estimate.","Terramorph plans patios around use, grade, drainage, access, base, and long-term fit.","Call for a free patio estimate from a licensed and insured Northwest Ohio crew.","Serving Perrysburg, Toledo, Maumee, Wood County, Lucas County, and nearby areas."
Search | Paver Patios | NW Ohio,Hardscapes,Responsive search ad,Paused,https://terramorphllc.com/paver-patios-hardscapes.html,hardscape,contractor,Hardscape Contractors,Paver Patio Contractors,Build A Better Backyard,Outdoor Living Spaces,Patios And Walkways,Free Patio Estimate,Backyard Patio Design,Perrysburg Patio Builder,Paver Patios Toledo,Licensed And Insured,200+ Google Reviews,Call Terramorph Today,Paver Walkway Installers,Wood And Lucas County,Local Hardscape Crew,"Hardscape planning for patios, walkways, seating areas, fire pits, and outdoor living.","Terramorph considers drainage, base, use, materials, and long-term durability.","Call for a free hardscape estimate in Wood or Lucas County.","Local proof, real project photos, and a licensed and insured crew."
Search | Paver Patios | NW Ohio,Walkways,Responsive search ad,Paused,https://terramorphllc.com/paver-patios-hardscapes.html,paver,walkways,Paver Walkway Installers,Patios And Walkways,Paver Patio Contractors,Hardscape Contractors,Free Patio Estimate,Build A Better Backyard,Outdoor Living Spaces,Perrysburg Patio Builder,Paver Patios Toledo,Licensed And Insured,200+ Google Reviews,Call Terramorph Today,Wood And Lucas County,Backyard Patio Design,Local Hardscape Crew,"Paver walkways and patio connections planned for curb appeal, access, and drainage.","Terramorph can connect walkways, patios, beds, steps, and outdoor living features.","Call for a free paver walkway or patio estimate in Northwest Ohio.","Licensed and insured local crew with 200+ Google reviews."
Search | Paver Patios | NW Ohio,Patio Cities,Responsive search ad,Paused,https://terramorphllc.com/lp-patios.html,local,patios,Paver Patios Toledo,Perrysburg Patio Builder,Paver Patio Contractors,Free Patio Estimate,Build A Better Backyard,Hardscape Contractors,Patios And Walkways,Outdoor Living Spaces,Licensed And Insured,200+ Google Reviews,Call Terramorph Today,Backyard Patio Design,Paver Walkway Installers,Wood And Lucas County,Local Hardscape Crew,"Local paver patio estimates for Perrysburg, Toledo, Maumee, and nearby areas.","Terramorph builds patios, walkways, hardscape structure, and outdoor living spaces.","Call for a free estimate from a licensed and insured Northwest Ohio crew.","Real project proof, 200+ Google reviews, and practical local planning."
Search | Landscape Design + Installation | NW Ohio,Landscape Design Core,Responsive search ad,Paused,https://terramorphllc.com/lp-landscape-design.html,landscape,design,Landscape Design,Landscape Installation,Perrysburg Landscapers,Toledo Landscaping Help,Free Landscape Estimate,Design And Installation,Front Yard Landscaping,Planting And Bed Design,Licensed And Insured,200+ Google Reviews,Call Terramorph Today,Wood And Lucas County,Outdoor Transformation,Local Landscape Crew,Improve Curb Appeal,"Landscape design and installation for curb appeal, beds, plantings, mulch, rock, and flow.","Call Terramorph for a free landscape estimate in Wood or Lucas County.","Design-first landscaping that can connect beds, patios, drainage, lighting, and upkeep.","Licensed and insured local crew with 200+ Google reviews and real project proof."
Search | Landscape Design + Installation | NW Ohio,Landscape Installation,Responsive search ad,Paused,https://terramorphllc.com/landscape-design.html,landscape,install,Landscape Installation,Landscape Design,Design And Installation,Planting And Bed Design,Free Landscape Estimate,Perrysburg Landscapers,Toledo Landscaping Help,Front Yard Landscaping,Licensed And Insured,200+ Google Reviews,Call Terramorph Today,Wood And Lucas County,Outdoor Transformation,Local Landscape Crew,Improve Curb Appeal,"Install landscape beds, plantings, mulch, rock, edging, sod, and property upgrades.","Terramorph helps plan the whole property before installing one disconnected piece.","Call for a free landscape installation estimate from a local insured crew.","Serving Perrysburg, Toledo, Maumee, Wood County, Lucas County, and nearby areas."
Search | Landscape Design + Installation | NW Ohio,Curb Appeal,Responsive search ad,Paused,https://terramorphllc.com/lp-curb-appeal-upgrade.html,curb-appeal,estimate,Improve Curb Appeal,Front Yard Landscaping,Landscape Design,Landscape Installation,Free Landscape Estimate,Perrysburg Landscapers,Toledo Landscaping Help,Planting And Bed Design,Licensed And Insured,200+ Google Reviews,Call Terramorph Today,Wood And Lucas County,Outdoor Transformation,Local Landscape Crew,Design And Installation,"Refresh the front of the property with landscape design, beds, plantings, and cleanup.","Terramorph helps make curb appeal feel planned, not patched together.","Call for a free curb appeal or landscape estimate in Northwest Ohio.","Real project proof, local reviews, and a licensed and insured team."
Search | Landscape Design + Installation | NW Ohio,Planting Beds,Responsive search ad,Paused,https://terramorphllc.com/landscape-design.html,landscape,beds,Planting And Bed Design,Landscape Design,Landscape Installation,Front Yard Landscaping,Free Landscape Estimate,Improve Curb Appeal,Perrysburg Landscapers,Toledo Landscaping Help,Licensed And Insured,200+ Google Reviews,Call Terramorph Today,Wood And Lucas County,Outdoor Transformation,Local Landscape Crew,Design And Installation,"Landscape beds, plantings, mulch, rock, edging, and property upgrades with a plan.","Terramorph scopes the right materials, maintenance level, drainage, and curb appeal.","Call for a free landscape bed or planting estimate in Northwest Ohio.","Licensed and insured local crew with 200+ Google reviews."
Search | Landscape Design + Installation | NW Ohio,Landscape Cities,Responsive search ad,Paused,https://terramorphllc.com/lp-landscape-design.html,local,landscaping,Perrysburg Landscapers,Toledo Landscaping Help,Landscape Design,Landscape Installation,Free Landscape Estimate,Design And Installation,Front Yard Landscaping,Planting And Bed Design,Licensed And Insured,200+ Google Reviews,Call Terramorph Today,Wood And Lucas County,Outdoor Transformation,Local Landscape Crew,Improve Curb Appeal,"Local landscaping estimates for Perrysburg, Toledo, Maumee, and nearby areas.","Terramorph handles design, installation, beds, plantings, mulch, rock, and more.","Call for a free estimate from a licensed and insured Northwest Ohio crew.","200+ Google reviews, real project photos, and local property knowledge."
Search | Maintenance + Cleanups | NW Ohio,Lawn Maintenance,Responsive search ad,Paused,https://terramorphllc.com/lawn-maintenance.html,lawn,maintenance,Lawn Maintenance,Toledo Lawn Maintenance,Perrysburg Lawn Care,Commercial Lawn Care,Free Property Estimate,Licensed And Insured,200+ Google Reviews,Call Terramorph Today,Wood And Lucas County,Clean Edges And Beds,Local Maintenance Crew,Mulch And Bed Cleanup,Seasonal Cleanups,Spring Cleanup Help,Fall Cleanup Help,"Recurring lawn maintenance, trimming, edging, beds, and property upkeep in Northwest Ohio.","Call Terramorph for a free maintenance estimate in Wood or Lucas County.","Licensed and insured local crew with 200+ Google reviews and real project proof.","Start controlled and shift budget toward the highest-quality maintenance leads."
Search | Maintenance + Cleanups | NW Ohio,Seasonal Cleanups,Responsive search ad,Paused,https://terramorphllc.com/lp-spring-cleanup.html,seasonal,cleanup,Seasonal Cleanups,Spring Cleanup Help,Fall Cleanup Help,Mulch And Bed Cleanup,Free Property Estimate,Lawn Maintenance,Perrysburg Lawn Care,Toledo Lawn Maintenance,Licensed And Insured,200+ Google Reviews,Call Terramorph Today,Wood And Lucas County,Clean Edges And Beds,Local Maintenance Crew,Commercial Lawn Care,"Spring and fall cleanups, leaf removal, bed resets, trimming, debris, and hauling.","Call Terramorph for a free seasonal cleanup estimate in Northwest Ohio.","Cleanups can pair with mulch, plant work, lawn maintenance, and bed maintenance.","Licensed and insured local crew serving Wood and Lucas County."
Search | Maintenance + Cleanups | NW Ohio,Mulch Beds,Responsive search ad,Paused,https://terramorphllc.com/mulch-installation-toledo-ohio.html,mulch,beds,Mulch And Bed Cleanup,Planting And Bed Design,Seasonal Cleanups,Spring Cleanup Help,Free Property Estimate,Lawn Maintenance,Perrysburg Lawn Care,Toledo Lawn Maintenance,Licensed And Insured,200+ Google Reviews,Call Terramorph Today,Wood And Lucas County,Clean Edges And Beds,Local Maintenance Crew,Fall Cleanup Help,"Mulch, rock beds, edging, bed cleanup, trimming, and property refresh work.","Call Terramorph for a free bed maintenance or mulch estimate in Northwest Ohio.","Pair bed cleanup with maintenance, plantings, cleanup, and curb appeal upgrades.","Local licensed and insured crew with real project photos."
Search | Maintenance + Cleanups | NW Ohio,Commercial Maintenance,Responsive search ad,Paused,https://terramorphllc.com/commercial-landscaping-toledo-ohio.html,commercial,maintenance,Commercial Lawn Care,Lawn Maintenance,Free Property Estimate,Toledo Lawn Maintenance,Perrysburg Lawn Care,Licensed And Insured,200+ Google Reviews,Call Terramorph Today,Wood And Lucas County,Clean Edges And Beds,Local Maintenance Crew,Seasonal Cleanups,Mulch And Bed Cleanup,Spring Cleanup Help,Fall Cleanup Help,"Commercial lawn maintenance, bed upkeep, cleanups, and curb appeal support.","Call Terramorph for a free commercial property estimate in Northwest Ohio.","Good fit for properties that need reliable upkeep and clean exterior presentation.","Licensed and insured local crew serving Wood and Lucas County."
